"X","smpDate","PlotID","Subplot","spCode","reduced_spCode","reduced_spCode_larson","Plant_Species","smpDate.1","Larson","Count","Month","Year"
1,"08/06/11",230,"H","frmlas","frmneo","frmneo",1,"08/06/11",0,1,8,2011
2,"08/06/11",69,"C","frmvin","frmneo","frmneo",1,"08/06/11",0,3,8,2011
3,"08/06/11",109,"C","frmvin","frmneo","frmneo",1,"08/06/11",0,3,8,2011
4,"08/06/11",268,"C","frmvin","frmneo","frmneo",1,"08/06/11",0,2,8,2011
5,"08/06/11",291,"C","frmvin","frmneo","frmneo",1,"08/06/11",0,9,8,2011
6,"08/06/11",69,"H","frmvin","frmneo","frmneo",1,"08/06/11",0,1,8,2011
7,"08/06/11",83,"H","frmvin","frmneo","frmneo",1,"08/06/11",0,4,8,2011
8,"08/06/11",83,"C","frmnit","frmnit","frmnit",1,"08/06/11",0,1,8,2011
9,"08/06/11",83,"H","frmnit","frmnit","frmnit",1,"08/06/11",0,5,8,2011
10,"08/06/11",291,"C","frmobs","frmobs","frmobs",1,"08/06/11",0,16,8,2011
11,"08/06/11",69,"C","lssneo","lssneo","lssneo",1,"08/06/11",0,32,8,2011
12,"08/06/11",83,"C","lssneo","lssneo","lssneo",1,"08/06/11",0,18,8,2011
13,"08/06/11",109,"C","lssneo","lssneo","lssneo",1,"08/06/11",0,58,8,2011
14,"08/06/11",230,"C","lssneo","lssneo","lssneo",1,"08/06/11",0,21,8,2011
15,"08/06/11",268,"C","lssneo","lssneo","lssneo",1,"08/06/11",0,33,8,2011
16,"08/06/11",282,"C","lssneo","lssneo","lssneo",1,"08/06/11",0,69,8,2011
17,"08/06/11",291,"C","lssneo","lssneo","lssneo",1,"08/06/11",0,51,8,2011
18,"08/06/11",69,"H","lssneo","lssneo","lssneo",1,"08/06/11",0,24,8,2011
19,"08/06/11",83,"H","lssneo","lssneo","lssneo",1,"08/06/11",0,26,8,2011
20,"08/06/11",109,"H","lssneo","lssneo","lssneo",1,"08/06/11",0,47,8,2011
21,"08/06/11",230,"H","lssneo","lssneo","lssneo",1,"08/06/11",0,20,8,2011
22,"08/06/11",268,"H","lssneo","lssneo","lssneo",1,"08/06/11",0,6,8,2011
23,"08/06/11",282,"H","lssneo","lssneo","lssneo",1,"08/06/11",0,9,8,2011
24,"08/06/11",291,"H","lssneo","lssneo","lssneo",1,"08/06/11",0,15,8,2011
25,"08/06/11",69,"C","mnmema","mnmema","mnmema",1,"08/06/11",0,1,8,2011
26,"08/06/11",109,"C","mnmema","mnmema","mnmema",1,"08/06/11",0,16,8,2011
27,"08/06/11",230,"C","mnmema","mnmema","mnmema",1,"08/06/11",0,26,8,2011
28,"08/06/11",268,"C","mnmema","mnmema","mnmema",1,"08/06/11",0,23,8,2011
29,"08/06/11",282,"C","mnmema","mnmema","mnmema",1,"08/06/11",0,52,8,2011
30,"08/06/11",291,"C","mnmema","mnmema","mnmema",1,"08/06/11",0,68,8,2011
31,"08/06/11",69,"H","mnmema","mnmema","mnmema",1,"08/06/11",0,213,8,2011
32,"08/06/11",83,"H","mnmema","mnmema","mnmema",1,"08/06/11",0,28,8,2011
33,"08/06/11",230,"H","mnmema","mnmema","mnmema",1,"08/06/11",0,1,8,2011
34,"08/06/11",282,"H","mnmema","mnmema","mnmema",1,"08/06/11",0,124,8,2011
35,"08/06/11",291,"H","mnmema","mnmema","mnmema",1,"08/06/11",0,4,8,2011
36,"08/06/11",69,"C","myrame","myrame","myrame",1,"08/06/11",0,15,8,2011
37,"08/06/11",83,"C","myrame","myrame","myrame",1,"08/06/11",0,26,8,2011
38,"08/06/11",268,"C","myrame","myrame","myrame",1,"08/06/11",0,15,8,2011
39,"08/06/11",83,"H","myrame","myrame","myrame",1,"08/06/11",0,11,8,2011
40,"08/06/11",291,"H","myrame","myrame","myrame",1,"08/06/11",0,13,8,2011
41,"08/06/11",69,"C","phdpil","phdpil","phdpil",1,"08/06/11",0,21,8,2011
42,"08/06/11",83,"C","phdpil","phdpil","phdpil",1,"08/06/11",0,8,8,2011
43,"08/06/11",109,"C","phdpil","phdpil","phdpil",1,"08/06/11",0,1,8,2011
44,"08/06/11",268,"C","phdpil","phdpil","phdpil",1,"08/06/11",0,11,8,2011
45,"08/06/11",291,"C","phdpil","phdpil","phdpil",1,"08/06/11",0,4,8,2011
46,"08/06/11",69,"H","phdpil","phdpil","phdpil",1,"08/06/11",0,1,8,2011
47,"08/06/11",83,"H","phdpil","phdpil","phdpil",1,"08/06/11",0,7,8,2011
48,"08/06/11",230,"H","phdpil","phdpil","phdpil",1,"08/06/11",0,7,8,2011
49,"08/06/11",268,"H","phdpil","phdpil","phdpil",1,"08/06/11",0,396,8,2011
50,"08/06/11",291,"H","phdpil","phdpil","phdpil",1,"08/06/11",0,20,8,2011
51,"08/06/11",83,"C","prtpar","prtpar","prtpar",1,"08/06/11",0,2,8,2011
52,"08/06/11",83,"H","prtpar","prtpar","prtpar",1,"08/06/11",0,1,8,2011
53,"08/06/11",291,"H","prtpar","prtpar","prtpar",1,"08/06/11",0,4,8,2011
54,"08/06/11",138,"C","frmvin","frmneo","frmneo",4,"08/06/11",0,2,8,2011
55,"08/06/11",138,"H","frmvin","frmneo","frmneo",4,"08/06/11",0,1,8,2011
56,"08/06/11",138,"C","lssneo","lssneo","lssneo",4,"08/06/11",0,84,8,2011
57,"08/06/11",138,"H","lssneo","lssneo","lssneo",4,"08/06/11",0,12,8,2011
58,"08/06/11",138,"H","myrame","myrame","myrame",4,"08/06/11",0,1,8,2011
59,"08/06/11",138,"H","phdpil","phdpil","phdpil",4,"08/06/11",0,3,8,2011
60,"08/06/11",202,"C","frmmon","frmmon","frmmon",16,"08/06/11",0,7,8,2011
61,"08/06/11",202,"H","frmmon","frmmon","frmmon",16,"08/06/11",0,27,8,2011
62,"08/06/11",328,"C","frmlas","frmneo","frmneo",16,"08/06/11",0,1,8,2011
63,"08/06/11",301,"H","frmvin","frmneo","frmneo",16,"08/06/11",0,1,8,2011
64,"08/06/11",328,"C","frmobs","frmobs","frmobs",16,"08/06/11",0,106,8,2011
65,"08/06/11",328,"H","frmobs","frmobs","frmobs",16,"08/06/11",0,21,8,2011
66,"08/06/11",202,"C","lssneo","lssneo","lssneo",16,"08/06/11",0,17,8,2011
67,"08/06/11",253,"C","lssneo","lssneo","lssneo",16,"08/06/11",0,63,8,2011
68,"08/06/11",301,"C","lssneo","lssneo","lssneo",16,"08/06/11",0,9,8,2011
69,"08/06/11",328,"C","lssneo","lssneo","lssneo",16,"08/06/11",0,34,8,2011
70,"08/06/11",202,"H","lssneo","lssneo","lssneo",16,"08/06/11",0,242,8,2011
71,"08/06/11",253,"H","lssneo","lssneo","lssneo",16,"08/06/11",0,33,8,2011
72,"08/06/11",301,"H","lssneo","lssneo","lssneo",16,"08/06/11",0,32,8,2011
73,"08/06/11",328,"H","lssneo","lssneo","lssneo",16,"08/06/11",0,31,8,2011
74,"08/06/11",202,"C","mnmema","mnmema","mnmema",16,"08/06/11",0,7,8,2011
75,"08/06/11",253,"C","mnmema","mnmema","mnmema",16,"08/06/11",0,56,8,2011
76,"08/06/11",253,"H","mnmema","mnmema","mnmema",16,"08/06/11",0,38,8,2011
77,"08/06/11",328,"H","mnmema","mnmema","mnmema",16,"08/06/11",0,484,8,2011
78,"08/06/11",253,"C","myrame","myrame","myrame",16,"08/06/11",0,26,8,2011
79,"08/06/11",301,"C","myrame","myrame","myrame",16,"08/06/11",0,19,8,2011
80,"08/06/11",253,"H","myrame","myrame","myrame",16,"08/06/11",0,13,8,2011
81,"08/06/11",301,"H","myrame","myrame","myrame",16,"08/06/11",0,22,8,2011
82,"08/06/11",328,"H","myrame","myrame","myrame",16,"08/06/11",0,9,8,2011
83,"08/06/11",301,"C","phdpil","phdpil","phdpil",16,"08/06/11",0,6,8,2011
84,"08/06/11",253,"H","phdpil","phdpil","phdpil",16,"08/06/11",0,6,8,2011
85,"08/06/11",301,"H","phdpil","phdpil","phdpil",16,"08/06/11",0,31,8,2011
86,"08/06/11",328,"H","phdpil","phdpil","phdpil",16,"08/06/11",0,9,8,2011
87,"08/06/11",253,"C","prtpar","prtpar","prtpar",16,"08/06/11",0,3,8,2011
88,"08/06/11",301,"C","prtpar","prtpar","prtpar",16,"08/06/11",0,1,8,2011
89,"08/06/11",253,"H","prtpar","prtpar","prtpar",16,"08/06/11",0,9,8,2011
90,"08/06/11",295,"H","frmneo","frmneo","frmneo",32,"08/06/11",0,9,8,2011
91,"08/06/11",249,"C","frmvin","frmneo","frmneo",32,"08/06/11",0,1,8,2011
92,"08/06/11",249,"H","frmvin","frmneo","frmneo",32,"08/06/11",0,2,8,2011
93,"08/06/11",262,"H","frmvin","frmneo","frmneo",32,"08/06/11",0,5,8,2011
94,"08/06/11",64,"C","lssneo","lssneo","lssneo",32,"08/06/11",0,15,8,2011
95,"08/06/11",105,"C","lssneo","lssneo","lssneo",32,"08/06/11",0,105,8,2011
96,"08/06/11",249,"C","lssneo","lssneo","lssneo",32,"08/06/11",0,10,8,2011
97,"08/06/11",262,"C","lssneo","lssneo","lssneo",32,"08/06/11",0,56,8,2011
98,"08/06/11",295,"C","lssneo","lssneo","lssneo",32,"08/06/11",0,105,8,2011
99,"08/06/11",64,"H","lssneo","lssneo","lssneo",32,"08/06/11",0,96,8,2011
100,"08/06/11",105,"H","lssneo","lssneo","lssneo",32,"08/06/11",0,26,8,2011
101,"08/06/11",249,"H","lssneo","lssneo","lssneo",32,"08/06/11",0,16,8,2011
102,"08/06/11",262,"H","lssneo","lssneo","lssneo",32,"08/06/11",0,32,8,2011
103,"08/06/11",295,"H","lssneo","lssneo","lssneo",32,"08/06/11",0,114,8,2011
104,"08/06/11",64,"C","mnmema","mnmema","mnmema",32,"08/06/11",0,127,8,2011
105,"08/06/11",105,"C","mnmema","mnmema","mnmema",32,"08/06/11",0,4,8,2011
106,"08/06/11",249,"C","mnmema","mnmema","mnmema",32,"08/06/11",0,256,8,2011
107,"08/06/11",262,"C","mnmema","mnmema","mnmema",32,"08/06/11",0,10,8,2011
108,"08/06/11",295,"H","mnmema","mnmema","mnmema",32,"08/06/11",0,1,8,2011
109,"08/06/11",64,"C","myrame","myrame","myrame",32,"08/06/11",0,3,8,2011
110,"08/06/11",105,"C","myrame","myrame","myrame",32,"08/06/11",0,6,8,2011
111,"08/06/11",249,"C","myrame","myrame","myrame",32,"08/06/11",0,71,8,2011
112,"08/06/11",295,"C","myrame","myrame","myrame",32,"08/06/11",0,22,8,2011
113,"08/06/11",64,"H","myrame","myrame","myrame",32,"08/06/11",0,21,8,2011
114,"08/06/11",105,"H","myrame","myrame","myrame",32,"08/06/11",0,18,8,2011
115,"08/06/11",249,"H","myrame","myrame","myrame",32,"08/06/11",0,15,8,2011
116,"08/06/11",262,"H","myrame","myrame","myrame",32,"08/06/11",0,43,8,2011
117,"08/06/11",295,"H","myrame","myrame","myrame",32,"08/06/11",0,1,8,2011
118,"08/06/11",249,"C","phdpil","phdpil","phdpil",32,"08/06/11",0,12,8,2011
119,"08/06/11",64,"H","phdpil","phdpil","phdpil",32,"08/06/11",0,10,8,2011
120,"08/06/11",262,"H","phdpil","phdpil","phdpil",32,"08/06/11",0,1,8,2011
121,"08/06/11",64,"H","prtpar","prtpar","prtpar",32,"08/06/11",0,2,8,2011
122,"08/06/11",249,"H","prtpar","prtpar","prtpar",32,"08/06/11",0,1,8,2011
123,"08/06/11",262,"H","prtpar","prtpar","prtpar",32,"08/06/11",0,2,8,2011
124,"09/11/11",83,"C","frmmon","frmmon","frmmon",1,"09/11/11",0,1,9,2011
125,"09/11/11",291,"H","frmmon","frmmon","frmmon",1,"09/11/11",0,1,9,2011
126,"09/11/11",268,"C","frmlas","frmneo","frmneo",1,"09/11/11",0,1,9,2011
127,"09/11/11",291,"C","frmlas","frmneo","frmneo",1,"09/11/11",0,5,9,2011
128,"09/11/11",83,"H","frmneo","frmneo","frmneo",1,"09/11/11",0,2,9,2011
129,"09/11/11",69,"C","frmvin","frmneo","frmneo",1,"09/11/11",0,2,9,2011
130,"09/11/11",69,"H","frmvin","frmneo","frmneo",1,"09/11/11",0,1,9,2011
131,"09/11/11",282,"H","frmvin","frmneo","frmneo",1,"09/11/11",0,4,9,2011
132,"09/11/11",282,"C","frmobs","frmobs","frmobs",1,"09/11/11",0,8,9,2011
133,"09/11/11",282,"H","frmobs","frmobs","frmobs",1,"09/11/11",0,3,9,2011
134,"09/11/11",69,"C","lssneo","lssneo","lssneo",1,"09/11/11",0,4,9,2011
135,"09/11/11",83,"C","lssneo","lssneo","lssneo",1,"09/11/11",0,3,9,2011
136,"09/11/11",109,"C","lssneo","lssneo","lssneo",1,"09/11/11",0,2,9,2011
137,"09/11/11",268,"C","lssneo","lssneo","lssneo",1,"09/11/11",0,19,9,2011
138,"09/11/11",282,"C","lssneo","lssneo","lssneo",1,"09/11/11",0,7,9,2011
139,"09/11/11",291,"C","lssneo","lssneo","lssneo",1,"09/11/11",0,5,9,2011
140,"09/11/11",69,"H","lssneo","lssneo","lssneo",1,"09/11/11",0,1,9,2011
141,"09/11/11",83,"H","lssneo","lssneo","lssneo",1,"09/11/11",0,5,9,2011
142,"09/11/11",109,"H","lssneo","lssneo","lssneo",1,"09/11/11",0,7,9,2011
143,"09/11/11",230,"H","lssneo","lssneo","lssneo",1,"09/11/11",0,1,9,2011
144,"09/11/11",268,"H","lssneo","lssneo","lssneo",1,"09/11/11",0,1,9,2011
145,"09/11/11",282,"H","lssneo","lssneo","lssneo",1,"09/11/11",0,11,9,2011
146,"09/11/11",291,"H","lssneo","lssneo","lssneo",1,"09/11/11",0,1,9,2011
147,"09/11/11",69,"C","mnmema","mnmema","mnmema",1,"09/11/11",0,19,9,2011
148,"09/11/11",83,"C","mnmema","mnmema","mnmema",1,"09/11/11",0,6,9,2011
149,"09/11/11",109,"C","mnmema","mnmema","mnmema",1,"09/11/11",0,2,9,2011
150,"09/11/11",291,"C","mnmema","mnmema","mnmema",1,"09/11/11",0,5,9,2011
151,"09/11/11",69,"H","mnmema","mnmema","mnmema",1,"09/11/11",0,246,9,2011
152,"09/11/11",83,"H","mnmema","mnmema","mnmema",1,"09/11/11",0,69,9,2011
153,"09/11/11",291,"H","mnmema","mnmema","mnmema",1,"09/11/11",0,8,9,2011
154,"09/11/11",69,"C","myrame","myrame","myrame",1,"09/11/11",0,4,9,2011
155,"09/11/11",83,"C","myrame","myrame","myrame",1,"09/11/11",0,9,9,2011
156,"09/11/11",109,"C","myrame","myrame","myrame",1,"09/11/11",0,1,9,2011
157,"09/11/11",268,"C","myrame","myrame","myrame",1,"09/11/11",0,6,9,2011
158,"09/11/11",282,"C","myrame","myrame","myrame",1,"09/11/11",0,2,9,2011
159,"09/11/11",83,"H","myrame","myrame","myrame",1,"09/11/11",0,5,9,2011
160,"09/11/11",230,"H","myrame","myrame","myrame",1,"09/11/11",0,1,9,2011
161,"09/11/11",291,"H","myrame","myrame","myrame",1,"09/11/11",0,2,9,2011
162,"09/11/11",69,"C","phdpil","phdpil","phdpil",1,"09/11/11",0,6,9,2011
163,"09/11/11",83,"C","phdpil","phdpil","phdpil",1,"09/11/11",0,1,9,2011
164,"09/11/11",268,"C","phdpil","phdpil","phdpil",1,"09/11/11",0,22,9,2011
165,"09/11/11",291,"C","phdpil","phdpil","phdpil",1,"09/11/11",0,3,9,2011
166,"09/11/11",69,"H","phdpil","phdpil","phdpil",1,"09/11/11",0,5,9,2011
167,"09/11/11",83,"H","phdpil","phdpil","phdpil",1,"09/11/11",0,6,9,2011
168,"09/11/11",109,"H","phdpil","phdpil","phdpil",1,"09/11/11",0,4,9,2011
169,"09/11/11",230,"H","phdpil","phdpil","phdpil",1,"09/11/11",0,169,9,2011
170,"09/11/11",268,"H","phdpil","phdpil","phdpil",1,"09/11/11",0,226,9,2011
171,"09/11/11",291,"H","phdpil","phdpil","phdpil",1,"09/11/11",0,8,9,2011
172,"09/11/11",83,"C","prtpar","prtpar","prtpar",1,"09/11/11",0,2,9,2011
173,"09/11/11",282,"C","prtpar","prtpar","prtpar",1,"09/11/11",0,1,9,2011
174,"09/11/11",138,"C","frmneo","frmneo","frmneo",4,"09/11/11",0,5,9,2011
175,"09/11/11",138,"C","lssneo","lssneo","lssneo",4,"09/11/11",0,5,9,2011
176,"09/11/11",138,"H","lssneo","lssneo","lssneo",4,"09/11/11",0,3,9,2011
177,"09/11/11",202,"C","frmmon","frmmon","frmmon",16,"09/11/11",0,11,9,2011
178,"09/11/11",253,"H","frmnit","frmnit","frmnit",16,"09/11/11",0,1,9,2011
179,"09/11/11",301,"H","frmsub","frmsub","frmsub",16,"09/11/11",0,1,9,2011
180,"09/11/11",202,"C","lssneo","lssneo","lssneo",16,"09/11/11",0,5,9,2011
181,"09/11/11",253,"C","lssneo","lssneo","lssneo",16,"09/11/11",0,4,9,2011
182,"09/11/11",301,"C","lssneo","lssneo","lssneo",16,"09/11/11",0,1,9,2011
183,"09/11/11",328,"C","lssneo","lssneo","lssneo",16,"09/11/11",0,2,9,2011
184,"09/11/11",202,"H","lssneo","lssneo","lssneo",16,"09/11/11",0,4,9,2011
185,"09/11/11",301,"H","lssneo","lssneo","lssneo",16,"09/11/11",0,3,9,2011
186,"09/11/11",328,"H","lssneo","lssneo","lssneo",16,"09/11/11",0,3,9,2011
187,"09/11/11",202,"C","mnmema","mnmema","mnmema",16,"09/11/11",0,2,9,2011
188,"09/11/11",253,"C","mnmema","mnmema","mnmema",16,"09/11/11",0,1,9,2011
189,"09/11/11",253,"C","myrame","myrame","myrame",16,"09/11/11",0,9,9,2011
190,"09/11/11",301,"C","myrame","myrame","myrame",16,"09/11/11",0,7,9,2011
191,"09/11/11",301,"H","phdpil","phdpil","phdpil",16,"09/11/11",0,8,9,2011
192,"09/11/11",253,"C","pnrpen","pnrpen","pnrpen",16,"09/11/11",0,2,9,2011
193,"09/11/11",301,"C","pnrpen","pnrpen","pnrpen",16,"09/11/11",0,1,9,2011
194,"09/11/11",295,"C","frmmon","frmmon","frmmon",32,"09/11/11",0,1,9,2011
195,"09/11/11",262,"H","frmmon","frmmon","frmmon",32,"09/11/11",0,1,9,2011
196,"09/11/11",295,"C","frmlas","frmneo","frmneo",32,"09/11/11",0,1,9,2011
197,"09/11/11",105,"H","frmneo","frmneo","frmneo",32,"09/11/11",0,1,9,2011
198,"09/11/11",249,"H","frmvin","frmneo","frmneo",32,"09/11/11",0,1,9,2011
199,"09/11/11",262,"H","frmvin","frmneo","frmneo",32,"09/11/11",0,1,9,2011
200,"09/11/11",295,"H","frmvin","frmneo","frmneo",32,"09/11/11",0,4,9,2011
201,"09/11/11",249,"C","lssneo","lssneo","lssneo",32,"09/11/11",0,2,9,2011
202,"09/11/11",262,"C","lssneo","lssneo","lssneo",32,"09/11/11",0,1,9,2011
203,"09/11/11",295,"C","lssneo","lssneo","lssneo",32,"09/11/11",0,7,9,2011
204,"09/11/11",105,"H","lssneo","lssneo","lssneo",32,"09/11/11",0,2,9,2011
205,"09/11/11",262,"H","lssneo","lssneo","lssneo",32,"09/11/11",0,2,9,2011
206,"09/11/11",295,"H","lssneo","lssneo","lssneo",32,"09/11/11",0,2,9,2011
207,"09/11/11",64,"C","mnmema","mnmema","mnmema",32,"09/11/11",0,58,9,2011
208,"09/11/11",249,"C","mnmema","mnmema","mnmema",32,"09/11/11",0,58,9,2011
209,"09/11/11",262,"C","mnmema","mnmema","mnmema",32,"09/11/11",0,1,9,2011
210,"09/11/11",64,"C","myrame","myrame","myrame",32,"09/11/11",0,1,9,2011
211,"09/11/11",249,"C","myrame","myrame","myrame",32,"09/11/11",0,21,9,2011
212,"09/11/11",295,"C","myrame","myrame","myrame",32,"09/11/11",0,3,9,2011
213,"09/11/11",249,"H","myrame","myrame","myrame",32,"09/11/11",0,1,9,2011
214,"09/11/11",262,"H","myrame","myrame","myrame",32,"09/11/11",0,1,9,2011
215,"09/11/11",64,"C","phdpil","phdpil","phdpil",32,"09/11/11",0,2,9,2011
216,"09/11/11",249,"C","phdpil","phdpil","phdpil",32,"09/11/11",0,1,9,2011
217,"09/11/11",249,"C","pnrpen","pnrpen","pnrpen",32,"09/11/11",0,1,9,2011
218,"09/11/11",295,"C","prtpar","prtpar","prtpar",32,"09/11/11",0,1,9,2011
219,"8/19/2012",282,"C","cmpnov","cmpnov","cmpnov",1,"8/19/2012",0,1,8,2012
220,"8/19/2012",83,"H","frmmon","frmmon","frmmon",1,"8/19/2012",0,1,8,2012
221,"8/19/2012",291,"C","frmvin","frmneo","frmneo",1,"8/19/2012",0,1,8,2012
222,"8/19/2012",83,"C","frmnit","frmnit","frmnit",1,"8/19/2012",0,1,8,2012
223,"8/19/2012",230,"C","frmobs","frmobs","frmobs",1,"8/19/2012",0,1,8,2012
224,"8/19/2012",291,"C","frmobs","frmobs","frmobs",1,"8/19/2012",0,1,8,2012
225,"8/19/2012",268,"H","frmobs","frmobs","frmobs",1,"8/19/2012",0,1,8,2012
226,"8/19/2012",69,"C","lssneo","lssneo","lssneo",1,"8/19/2012",0,4,8,2012
227,"8/19/2012",83,"C","lssneo","lssneo","lssneo",1,"8/19/2012",0,20,8,2012
228,"8/19/2012",109,"C","lssneo","lssneo","lssneo",1,"8/19/2012",0,4,8,2012
229,"8/19/2012",230,"C","lssneo","lssneo","lssneo",1,"8/19/2012",0,8,8,2012
230,"8/19/2012",268,"C","lssneo","lssneo","lssneo",1,"8/19/2012",0,2,8,2012
231,"8/19/2012",282,"C","lssneo","lssneo","lssneo",1,"8/19/2012",0,6,8,2012
232,"8/19/2012",69,"H","lssneo","lssneo","lssneo",1,"8/19/2012",0,1,8,2012
233,"8/19/2012",83,"H","lssneo","lssneo","lssneo",1,"8/19/2012",0,5,8,2012
234,"8/19/2012",109,"H","lssneo","lssneo","lssneo",1,"8/19/2012",0,1,8,2012
235,"8/19/2012",268,"H","lssneo","lssneo","lssneo",1,"8/19/2012",0,1,8,2012
236,"8/19/2012",83,"C","mnmema","mnmema","mnmema",1,"8/19/2012",0,1,8,2012
237,"8/19/2012",109,"C","mnmema","mnmema","mnmema",1,"8/19/2012",0,1,8,2012
238,"8/19/2012",291,"C","mnmema","mnmema","mnmema",1,"8/19/2012",0,108,8,2012
239,"8/19/2012",230,"H","mnmema","mnmema","mnmema",1,"8/19/2012",0,1,8,2012
240,"8/19/2012",282,"H","mnmema","mnmema","mnmema",1,"8/19/2012",0,149,8,2012
241,"8/19/2012",291,"H","mnmema","mnmema","mnmema",1,"8/19/2012",0,107,8,2012
242,"8/19/2012",69,"C","myrame","myrame","myrame",1,"8/19/2012",0,6,8,2012
243,"8/19/2012",83,"C","myrame","myrame","myrame",1,"8/19/2012",0,30,8,2012
244,"8/19/2012",230,"C","myrame","myrame","myrame",1,"8/19/2012",0,1,8,2012
245,"8/19/2012",268,"C","myrame","myrame","myrame",1,"8/19/2012",0,4,8,2012
246,"8/19/2012",83,"H","myrame","myrame","myrame",1,"8/19/2012",0,12,8,2012
247,"8/19/2012",268,"H","myrame","myrame","myrame",1,"8/19/2012",0,2,8,2012
248,"8/19/2012",291,"H","myrame","myrame","myrame",1,"8/19/2012",0,4,8,2012
249,"8/19/2012",69,"C","phdpil","phdpil","phdpil",1,"8/19/2012",0,3,8,2012
250,"8/19/2012",83,"C","phdpil","phdpil","phdpil",1,"8/19/2012",0,9,8,2012
251,"8/19/2012",69,"H","phdpil","phdpil","phdpil",1,"8/19/2012",0,2,8,2012
252,"8/19/2012",83,"H","phdpil","phdpil","phdpil",1,"8/19/2012",0,30,8,2012
253,"8/19/2012",230,"H","phdpil","phdpil","phdpil",1,"8/19/2012",0,14,8,2012
254,"8/19/2012",268,"H","phdpil","phdpil","phdpil",1,"8/19/2012",0,68,8,2012
255,"8/19/2012",282,"H","phdpil","phdpil","phdpil",1,"8/19/2012",0,1,8,2012
256,"8/19/2012",138,"C","frmmon","frmmon","frmmon",4,"8/19/2012",0,2,8,2012
257,"8/19/2012",138,"C","lssneo","lssneo","lssneo",4,"8/19/2012",0,26,8,2012
258,"8/19/2012",138,"H","lssneo","lssneo","lssneo",4,"8/19/2012",0,1,8,2012
259,"8/19/2012",301,"C","frmmon","frmmon","frmmon",16,"8/19/2012",0,2,8,2012
260,"8/19/2012",202,"C","frmvin","frmneo","frmneo",16,"8/19/2012",0,30,8,2012
261,"8/19/2012",253,"C","frmvin","frmneo","frmneo",16,"8/19/2012",0,2,8,2012
262,"8/19/2012",328,"C","frmvin","frmneo","frmneo",16,"8/19/2012",0,25,8,2012
263,"8/19/2012",202,"H","frmvin","frmneo","frmneo",16,"8/19/2012",0,56,8,2012
264,"8/19/2012",301,"H","frmvin","frmneo","frmneo",16,"8/19/2012",0,4,8,2012
265,"8/19/2012",253,"C","frmobs","frmobs","frmobs",16,"8/19/2012",0,1,8,2012
266,"8/19/2012",328,"C","frmobs","frmobs","frmobs",16,"8/19/2012",0,1,8,2012
267,"8/19/2012",253,"H","frmobs","frmobs","frmobs",16,"8/19/2012",0,1,8,2012
268,"8/19/2012",202,"C","lssneo","lssneo","lssneo",16,"8/19/2012",0,1,8,2012
269,"8/19/2012",253,"C","lssneo","lssneo","lssneo",16,"8/19/2012",0,10,8,2012
270,"8/19/2012",301,"C","lssneo","lssneo","lssneo",16,"8/19/2012",0,18,8,2012
271,"8/19/2012",328,"C","lssneo","lssneo","lssneo",16,"8/19/2012",0,4,8,2012
272,"8/19/2012",202,"H","lssneo","lssneo","lssneo",16,"8/19/2012",0,2,8,2012
273,"8/19/2012",253,"H","lssneo","lssneo","lssneo",16,"8/19/2012",0,2,8,2012
274,"8/19/2012",301,"H","lssneo","lssneo","lssneo",16,"8/19/2012",0,8,8,2012
275,"8/19/2012",328,"H","lssneo","lssneo","lssneo",16,"8/19/2012",0,5,8,2012
276,"8/19/2012",202,"C","mnmema","mnmema","mnmema",16,"8/19/2012",0,28,8,2012
277,"8/19/2012",328,"C","mnmema","mnmema","mnmema",16,"8/19/2012",0,8,8,2012
278,"8/19/2012",202,"H","mnmema","mnmema","mnmema",16,"8/19/2012",0,3,8,2012
279,"8/19/2012",253,"H","mnmema","mnmema","mnmema",16,"8/19/2012",0,6,8,2012
280,"8/19/2012",301,"H","mnmema","mnmema","mnmema",16,"8/19/2012",0,2,8,2012
281,"8/19/2012",328,"H","mnmema","mnmema","mnmema",16,"8/19/2012",0,1,8,2012
282,"8/19/2012",253,"C","myrame","myrame","myrame",16,"8/19/2012",0,11,8,2012
283,"8/19/2012",301,"C","myrame","myrame","myrame",16,"8/19/2012",0,5,8,2012
284,"8/19/2012",328,"C","myrame","myrame","myrame",16,"8/19/2012",0,4,8,2012
285,"8/19/2012",253,"H","myrame","myrame","myrame",16,"8/19/2012",0,3,8,2012
286,"8/19/2012",301,"H","myrame","myrame","myrame",16,"8/19/2012",0,1,8,2012
287,"8/19/2012",328,"H","myrame","myrame","myrame",16,"8/19/2012",0,8,8,2012
288,"8/19/2012",328,"C","phdpil","phdpil","phdpil",16,"8/19/2012",0,2,8,2012
289,"8/19/2012",301,"H","phdpil","phdpil","phdpil",16,"8/19/2012",0,11,8,2012
290,"8/19/2012",328,"H","phdpil","phdpil","phdpil",16,"8/19/2012",0,1,8,2012
291,"8/19/2012",253,"H","prtpar","prtpar","prtpar",16,"8/19/2012",0,1,8,2012
292,"8/19/2012",295,"C","frmvin","frmneo","frmneo",32,"8/19/2012",0,6,8,2012
293,"8/19/2012",64,"H","frmvin","frmneo","frmneo",32,"8/19/2012",0,5,8,2012
294,"8/19/2012",249,"H","frmvin","frmneo","frmneo",32,"8/19/2012",0,1,8,2012
295,"8/19/2012",262,"H","frmvin","frmneo","frmneo",32,"8/19/2012",0,2,8,2012
296,"8/19/2012",295,"H","frmvin","frmneo","frmneo",32,"8/19/2012",0,41,8,2012
297,"8/19/2012",295,"C","frmobs","frmobs","frmobs",32,"8/19/2012",0,1,8,2012
298,"8/19/2012",64,"C","lssneo","lssneo","lssneo",32,"8/19/2012",0,3,8,2012
299,"8/19/2012",105,"C","lssneo","lssneo","lssneo",32,"8/19/2012",0,2,8,2012
300,"8/19/2012",249,"C","lssneo","lssneo","lssneo",32,"8/19/2012",0,7,8,2012
301,"8/19/2012",262,"C","lssneo","lssneo","lssneo",32,"8/19/2012",0,28,8,2012
302,"8/19/2012",295,"C","lssneo","lssneo","lssneo",32,"8/19/2012",0,38,8,2012
303,"8/19/2012",64,"H","lssneo","lssneo","lssneo",32,"8/19/2012",0,1,8,2012
304,"8/19/2012",249,"H","lssneo","lssneo","lssneo",32,"8/19/2012",0,60,8,2012
305,"8/19/2012",295,"H","lssneo","lssneo","lssneo",32,"8/19/2012",0,112,8,2012
306,"8/19/2012",64,"C","mnmema","mnmema","mnmema",32,"8/19/2012",0,3,8,2012
307,"8/19/2012",105,"C","mnmema","mnmema","mnmema",32,"8/19/2012",0,18,8,2012
308,"8/19/2012",249,"C","mnmema","mnmema","mnmema",32,"8/19/2012",0,2,8,2012
309,"8/19/2012",295,"H","mnmema","mnmema","mnmema",32,"8/19/2012",0,1,8,2012
310,"8/19/2012",105,"C","myrame","myrame","myrame",32,"8/19/2012",0,4,8,2012
311,"8/19/2012",249,"C","myrame","myrame","myrame",32,"8/19/2012",0,9,8,2012
312,"8/19/2012",262,"C","myrame","myrame","myrame",32,"8/19/2012",0,1,8,2012
313,"8/19/2012",295,"C","myrame","myrame","myrame",32,"8/19/2012",0,12,8,2012
314,"8/19/2012",64,"H","myrame","myrame","myrame",32,"8/19/2012",0,1,8,2012
315,"8/19/2012",105,"H","myrame","myrame","myrame",32,"8/19/2012",0,1,8,2012
316,"8/19/2012",249,"H","myrame","myrame","myrame",32,"8/19/2012",0,6,8,2012
317,"8/19/2012",262,"H","myrame","myrame","myrame",32,"8/19/2012",0,1,8,2012
318,"8/19/2012",295,"H","myrame","myrame","myrame",32,"8/19/2012",0,2,8,2012
319,"8/19/2012",249,"H","phdpil","phdpil","phdpil",32,"8/19/2012",0,2,8,2012
320,"8/19/2012",64,"H","prtpar","prtpar","prtpar",32,"8/19/2012",0,1,8,2012
321,"9/23/2012",83,"C","frmneo","frmneo","frmneo",1,"9/23/2012",0,1,9,2012
322,"9/23/2012",268,"C","frmvin","frmneo","frmneo",1,"9/23/2012",0,1,9,2012
323,"9/23/2012",230,"H","frmvin","frmneo","frmneo",1,"9/23/2012",0,1,9,2012
324,"9/23/2012",83,"H","frmnit","frmnit","frmnit",1,"9/23/2012",0,2,9,2012
325,"9/23/2012",282,"C","frmobs","frmobs","frmobs",1,"9/23/2012",0,1,9,2012
326,"9/23/2012",268,"H","frmobs","frmobs","frmobs",1,"9/23/2012",0,1,9,2012
327,"9/23/2012",83,"C","lssneo","lssneo","lssneo",1,"9/23/2012",0,8,9,2012
328,"9/23/2012",230,"C","lssneo","lssneo","lssneo",1,"9/23/2012",0,1,9,2012
329,"9/23/2012",268,"C","lssneo","lssneo","lssneo",1,"9/23/2012",0,1,9,2012
330,"9/23/2012",282,"C","lssneo","lssneo","lssneo",1,"9/23/2012",0,8,9,2012
331,"9/23/2012",83,"H","lssneo","lssneo","lssneo",1,"9/23/2012",0,5,9,2012
332,"9/23/2012",109,"H","lssneo","lssneo","lssneo",1,"9/23/2012",0,1,9,2012
333,"9/23/2012",83,"C","mnmema","mnmema","mnmema",1,"9/23/2012",0,4,9,2012
334,"9/23/2012",291,"C","mnmema","mnmema","mnmema",1,"9/23/2012",0,1,9,2012
335,"9/23/2012",230,"H","mnmema","mnmema","mnmema",1,"9/23/2012",0,10,9,2012
336,"9/23/2012",291,"H","mnmema","mnmema","mnmema",1,"9/23/2012",0,1,9,2012
337,"9/23/2012",83,"C","myrame","myrame","myrame",1,"9/23/2012",0,53,9,2012
338,"9/23/2012",282,"C","myrame","myrame","myrame",1,"9/23/2012",0,1,9,2012
339,"9/23/2012",83,"H","myrame","myrame","myrame",1,"9/23/2012",0,27,9,2012
340,"9/23/2012",291,"H","myrame","myrame","myrame",1,"9/23/2012",0,1,9,2012
341,"9/23/2012",83,"C","phdpil","phdpil","phdpil",1,"9/23/2012",0,1,9,2012
342,"9/23/2012",69,"H","phdpil","phdpil","phdpil",1,"9/23/2012",0,1,9,2012
343,"9/23/2012",83,"H","phdpil","phdpil","phdpil",1,"9/23/2012",0,3,9,2012
344,"9/23/2012",230,"H","phdpil","phdpil","phdpil",1,"9/23/2012",0,15,9,2012
345,"9/23/2012",268,"H","phdpil","phdpil","phdpil",1,"9/23/2012",0,7,9,2012
346,"9/23/2012",138,"C","lssneo","lssneo","lssneo",4,"9/23/2012",0,1,9,2012
347,"9/23/2012",138,"H","lssneo","lssneo","lssneo",4,"9/23/2012",0,2,9,2012
348,"9/23/2012",138,"H","mnmema","mnmema","mnmema",4,"9/23/2012",0,5,9,2012
349,"9/23/2012",138,"H","myrame","myrame","myrame",4,"9/23/2012",0,1,9,2012
350,"9/23/2012",202,"C","frmmon","frmmon","frmmon",16,"9/23/2012",0,10,9,2012
351,"9/23/2012",328,"C","frmlas","frmneo","frmneo",16,"9/23/2012",0,1,9,2012
352,"9/23/2012",328,"H","frmneo","frmneo","frmneo",16,"9/23/2012",0,1,9,2012
353,"9/23/2012",202,"C","frmvin","frmneo","frmneo",16,"9/23/2012",0,25,9,2012
354,"9/23/2012",202,"H","frmvin","frmneo","frmneo",16,"9/23/2012",0,24,9,2012
355,"9/23/2012",301,"H","frmvin","frmneo","frmneo",16,"9/23/2012",0,2,9,2012
356,"9/23/2012",202,"C","lssneo","lssneo","lssneo",16,"9/23/2012",0,1,9,2012
357,"9/23/2012",301,"C","lssneo","lssneo","lssneo",16,"9/23/2012",0,1,9,2012
358,"9/23/2012",328,"C","lssneo","lssneo","lssneo",16,"9/23/2012",0,2,9,2012
359,"9/23/2012",253,"H","lssneo","lssneo","lssneo",16,"9/23/2012",0,1,9,2012
360,"9/23/2012",328,"H","lssneo","lssneo","lssneo",16,"9/23/2012",0,2,9,2012
361,"9/23/2012",202,"C","mnmema","mnmema","mnmema",16,"9/23/2012",0,1,9,2012
362,"9/23/2012",253,"H","mnmema","mnmema","mnmema",16,"9/23/2012",0,2,9,2012
363,"9/23/2012",253,"C","myrame","myrame","myrame",16,"9/23/2012",0,3,9,2012
364,"9/23/2012",328,"C","myrame","myrame","myrame",16,"9/23/2012",0,2,9,2012
365,"9/23/2012",253,"H","myrame","myrame","myrame",16,"9/23/2012",0,9,9,2012
366,"9/23/2012",301,"H","myrame","myrame","myrame",16,"9/23/2012",0,5,9,2012
367,"9/23/2012",328,"H","myrame","myrame","myrame",16,"9/23/2012",0,1,9,2012
368,"9/23/2012",202,"C","phdpil","phdpil","phdpil",16,"9/23/2012",0,1,9,2012
369,"9/23/2012",328,"C","phdpil","phdpil","phdpil",16,"9/23/2012",0,1,9,2012
370,"9/23/2012",253,"H","phdpil","phdpil","phdpil",16,"9/23/2012",0,1,9,2012
371,"9/23/2012",301,"H","phdpil","phdpil","phdpil",16,"9/23/2012",0,4,9,2012
372,"9/23/2012",301,"C","prtpar","prtpar","prtpar",16,"9/23/2012",0,1,9,2012
373,"9/23/2012",328,"C","prtpar","prtpar","prtpar",16,"9/23/2012",0,1,9,2012
374,"9/23/2012",295,"H","frmneo","frmneo","frmneo",32,"9/23/2012",0,2,9,2012
375,"9/23/2012",262,"H","frmvin","frmneo","frmneo",32,"9/23/2012",0,1,9,2012
376,"9/23/2012",295,"H","frmvin","frmneo","frmneo",32,"9/23/2012",0,1,9,2012
377,"9/23/2012",64,"C","lssneo","lssneo","lssneo",32,"9/23/2012",0,1,9,2012
378,"9/23/2012",105,"C","lssneo","lssneo","lssneo",32,"9/23/2012",0,1,9,2012
379,"9/23/2012",249,"C","lssneo","lssneo","lssneo",32,"9/23/2012",0,3,9,2012
380,"9/23/2012",249,"H","lssneo","lssneo","lssneo",32,"9/23/2012",0,1,9,2012
381,"9/23/2012",295,"H","lssneo","lssneo","lssneo",32,"9/23/2012",0,4,9,2012
382,"9/23/2012",64,"C","mnmema","mnmema","mnmema",32,"9/23/2012",0,2,9,2012
383,"9/23/2012",105,"C","mnmema","mnmema","mnmema",32,"9/23/2012",0,1,9,2012
384,"9/23/2012",105,"C","myrame","myrame","myrame",32,"9/23/2012",0,13,9,2012
385,"9/23/2012",249,"C","myrame","myrame","myrame",32,"9/23/2012",0,14,9,2012
386,"9/23/2012",262,"C","myrame","myrame","myrame",32,"9/23/2012",0,1,9,2012
387,"9/23/2012",249,"H","myrame","myrame","myrame",32,"9/23/2012",0,12,9,2012
388,"9/23/2012",295,"H","myrame","myrame","myrame",32,"9/23/2012",0,6,9,2012
389,"9/23/2012",249,"C","phdpil","phdpil","phdpil",32,"9/23/2012",0,3,9,2012
390,"9/23/2012",295,"C","phdpil","phdpil","phdpil",32,"9/23/2012",0,1,9,2012
391,"08/06/11",237,"C","frmmon","frmmon","frmmon",1,"08/06/11",1,1,9,2011
392,"08/06/11",237,"H","frmmon","frmmon","frmmon",1,"08/06/11",1,2,9,2011
393,"08/06/11",338,"H","frmmon","frmmon","frmmon",1,"08/06/11",1,2,9,2011
394,"08/06/11",29,"H","frmvin","frmneo","frmneo",1,"08/06/11",1,1,9,2011
395,"08/06/11",137,"C","frmnit","frmnit","frmnit",1,"08/06/11",1,1,9,2011
396,"08/06/11",137,"H","frmnit","frmnit","frmnit",1,"08/06/11",1,3,9,2011
397,"08/06/11",290,"C","frmobs","frmobs","frmobs",1,"08/06/11",1,3,9,2011
398,"08/06/11",338,"C","frmobs","frmobs","frmobs",1,"08/06/11",1,1,9,2011
399,"08/06/11",280,"H","frmobs","frmobs","frmobs",1,"08/06/11",1,1,9,2011
400,"08/06/11",290,"H","frmobs","frmobs","frmobs",1,"08/06/11",1,23,9,2011
401,"08/06/11",290,"H","frmsub","frmsub","frmsub",1,"08/06/11",1,1,9,2011
402,"08/06/11",29,"C","lssneo","lssneo","lssneo",1,"08/06/11",1,36,9,2011
403,"08/06/11",137,"C","lssneo","lssneo","lssneo",1,"08/06/11",1,53,9,2011
404,"08/06/11",167,"C","lssneo","lssneo","lssneo",1,"08/06/11",1,51,9,2011
405,"08/06/11",237,"C","lssneo","lssneo","lssneo",1,"08/06/11",1,73,9,2011
406,"08/06/11",280,"C","lssneo","lssneo","lssneo",1,"08/06/11",1,27,9,2011
407,"08/06/11",290,"C","lssneo","lssneo","lssneo",1,"08/06/11",1,18,9,2011
408,"08/06/11",338,"C","lssneo","lssneo","lssneo",1,"08/06/11",1,16,9,2011
409,"08/06/11",29,"H","lssneo","lssneo","lssneo",1,"08/06/11",1,13,9,2011
410,"08/06/11",137,"H","lssneo","lssneo","lssneo",1,"08/06/11",1,30,9,2011
411,"08/06/11",167,"H","lssneo","lssneo","lssneo",1,"08/06/11",1,33,9,2011
412,"08/06/11",237,"H","lssneo","lssneo","lssneo",1,"08/06/11",1,25,9,2011
413,"08/06/11",280,"H","lssneo","lssneo","lssneo",1,"08/06/11",1,9,9,2011
414,"08/06/11",290,"H","lssneo","lssneo","lssneo",1,"08/06/11",1,32,9,2011
415,"08/06/11",338,"H","lssneo","lssneo","lssneo",1,"08/06/11",1,70,9,2011
416,"08/06/11",167,"C","mnmema","mnmema","mnmema",1,"08/06/11",1,19,9,2011
417,"08/06/11",237,"C","mnmema","mnmema","mnmema",1,"08/06/11",1,61,9,2011
418,"08/06/11",280,"C","mnmema","mnmema","mnmema",1,"08/06/11",1,2,9,2011
419,"08/06/11",338,"C","mnmema","mnmema","mnmema",1,"08/06/11",1,188,9,2011
420,"08/06/11",137,"H","mnmema","mnmema","mnmema",1,"08/06/11",1,11,9,2011
421,"08/06/11",237,"H","mnmema","mnmema","mnmema",1,"08/06/11",1,42,9,2011
422,"08/06/11",280,"H","mnmema","mnmema","mnmema",1,"08/06/11",1,1,9,2011
423,"08/06/11",290,"H","mnmema","mnmema","mnmema",1,"08/06/11",1,51,9,2011
424,"08/06/11",338,"H","mnmema","mnmema","mnmema",1,"08/06/11",1,60,9,2011
425,"08/06/11",137,"C","myrame","myrame","myrame",1,"08/06/11",1,12,9,2011
426,"08/06/11",167,"C","myrame","myrame","myrame",1,"08/06/11",1,1,9,2011
427,"08/06/11",290,"C","myrame","myrame","myrame",1,"08/06/11",1,1,9,2011
428,"08/06/11",137,"H","myrame","myrame","myrame",1,"08/06/11",1,8,9,2011
429,"08/06/11",280,"H","myrame","myrame","myrame",1,"08/06/11",1,1,9,2011
430,"08/06/11",29,"C","phdpil","phdpil","phdpil",1,"08/06/11",1,173,9,2011
431,"08/06/11",137,"C","phdpil","phdpil","phdpil",1,"08/06/11",1,2,9,2011
432,"08/06/11",167,"C","phdpil","phdpil","phdpil",1,"08/06/11",1,82,9,2011
433,"08/06/11",237,"C","phdpil","phdpil","phdpil",1,"08/06/11",1,53,9,2011
434,"08/06/11",280,"C","phdpil","phdpil","phdpil",1,"08/06/11",1,1,9,2011
435,"08/06/11",290,"C","phdpil","phdpil","phdpil",1,"08/06/11",1,4,9,2011
436,"08/06/11",338,"C","phdpil","phdpil","phdpil",1,"08/06/11",1,21,9,2011
437,"08/06/11",137,"H","phdpil","phdpil","phdpil",1,"08/06/11",1,11,9,2011
438,"08/06/11",237,"H","phdpil","phdpil","phdpil",1,"08/06/11",1,111,9,2011
439,"08/06/11",290,"H","phdpil","phdpil","phdpil",1,"08/06/11",1,16,9,2011
440,"08/06/11",338,"H","phdpil","phdpil","phdpil",1,"08/06/11",1,12,9,2011
441,"08/06/11",223,"C","frmmon","frmmon","frmmon",4,"08/06/11",1,1,9,2011
442,"08/06/11",233,"C","frmmon","frmmon","frmmon",4,"08/06/11",1,1,9,2011
443,"08/06/11",201,"H","frmmon","frmmon","frmmon",4,"08/06/11",1,5,9,2011
444,"08/06/11",233,"H","frmlas","frmneo","frmneo",4,"08/06/11",1,1,9,2011
445,"08/06/11",110,"C","frmvin","frmneo","frmneo",4,"08/06/11",1,1,9,2011
446,"08/06/11",229,"C","frmvin","frmneo","frmneo",4,"08/06/11",1,2,9,2011
447,"08/06/11",325,"C","frmvin","frmneo","frmneo",4,"08/06/11",1,10,9,2011
448,"08/06/11",176,"H","frmvin","frmneo","frmneo",4,"08/06/11",1,1,9,2011
449,"08/06/11",229,"H","frmvin","frmneo","frmneo",4,"08/06/11",1,2,9,2011
450,"08/06/11",325,"H","frmvin","frmneo","frmneo",4,"08/06/11",1,6,9,2011
451,"08/06/11",229,"C","frmnit","frmnit","frmnit",4,"08/06/11",1,1,9,2011
452,"08/06/11",286,"C","frmnit","frmnit","frmnit",4,"08/06/11",1,2,9,2011
453,"08/06/11",229,"H","frmobs","frmobs","frmobs",4,"08/06/11",1,1,9,2011
454,"08/06/11",110,"C","lssneo","lssneo","lssneo",4,"08/06/11",1,93,9,2011
455,"08/06/11",176,"C","lssneo","lssneo","lssneo",4,"08/06/11",1,42,9,2011
456,"08/06/11",201,"C","lssneo","lssneo","lssneo",4,"08/06/11",1,22,9,2011
457,"08/06/11",223,"C","lssneo","lssneo","lssneo",4,"08/06/11",1,44,9,2011
458,"08/06/11",229,"C","lssneo","lssneo","lssneo",4,"08/06/11",1,166,9,2011
459,"08/06/11",233,"C","lssneo","lssneo","lssneo",4,"08/06/11",1,82,9,2011
460,"08/06/11",286,"C","lssneo","lssneo","lssneo",4,"08/06/11",1,19,9,2011
461,"08/06/11",325,"C","lssneo","lssneo","lssneo",4,"08/06/11",1,53,9,2011
462,"08/06/11",110,"H","lssneo","lssneo","lssneo",4,"08/06/11",1,61,9,2011
463,"08/06/11",176,"H","lssneo","lssneo","lssneo",4,"08/06/11",1,75,9,2011
464,"08/06/11",201,"H","lssneo","lssneo","lssneo",4,"08/06/11",1,81,9,2011
465,"08/06/11",223,"H","lssneo","lssneo","lssneo",4,"08/06/11",1,33,9,2011
466,"08/06/11",229,"H","lssneo","lssneo","lssneo",4,"08/06/11",1,85,9,2011
467,"08/06/11",233,"H","lssneo","lssneo","lssneo",4,"08/06/11",1,82,9,2011
468,"08/06/11",286,"H","lssneo","lssneo","lssneo",4,"08/06/11",1,33,9,2011
469,"08/06/11",325,"H","lssneo","lssneo","lssneo",4,"08/06/11",1,15,9,2011
470,"08/06/11",110,"C","mnmema","mnmema","mnmema",4,"08/06/11",1,1,9,2011
471,"08/06/11",176,"C","mnmema","mnmema","mnmema",4,"08/06/11",1,86,9,2011
472,"08/06/11",201,"C","mnmema","mnmema","mnmema",4,"08/06/11",1,1,9,2011
473,"08/06/11",223,"C","mnmema","mnmema","mnmema",4,"08/06/11",1,1,9,2011
474,"08/06/11",229,"C","mnmema","mnmema","mnmema",4,"08/06/11",1,3,9,2011
475,"08/06/11",286,"C","mnmema","mnmema","mnmema",4,"08/06/11",1,7,9,2011
476,"08/06/11",176,"H","mnmema","mnmema","mnmema",4,"08/06/11",1,2,9,2011
477,"08/06/11",286,"H","mnmema","mnmema","mnmema",4,"08/06/11",1,1,9,2011
478,"08/06/11",110,"C","myrame","myrame","myrame",4,"08/06/11",1,25,9,2011
479,"08/06/11",176,"C","myrame","myrame","myrame",4,"08/06/11",1,1,9,2011
480,"08/06/11",201,"C","myrame","myrame","myrame",4,"08/06/11",1,29,9,2011
481,"08/06/11",223,"C","myrame","myrame","myrame",4,"08/06/11",1,1,9,2011
482,"08/06/11",229,"C","myrame","myrame","myrame",4,"08/06/11",1,6,9,2011
483,"08/06/11",233,"C","myrame","myrame","myrame",4,"08/06/11",1,2,9,2011
484,"08/06/11",325,"C","myrame","myrame","myrame",4,"08/06/11",1,5,9,2011
485,"08/06/11",201,"H","myrame","myrame","myrame",4,"08/06/11",1,28,9,2011
486,"08/06/11",229,"H","myrame","myrame","myrame",4,"08/06/11",1,2,9,2011
487,"08/06/11",233,"H","myrame","myrame","myrame",4,"08/06/11",1,19,9,2011
488,"08/06/11",325,"H","myrame","myrame","myrame",4,"08/06/11",1,27,9,2011
489,"08/06/11",176,"C","phdpil","phdpil","phdpil",4,"08/06/11",1,1,9,2011
490,"08/06/11",223,"C","phdpil","phdpil","phdpil",4,"08/06/11",1,4,9,2011
491,"08/06/11",325,"C","phdpil","phdpil","phdpil",4,"08/06/11",1,30,9,2011
492,"08/06/11",110,"H","phdpil","phdpil","phdpil",4,"08/06/11",1,1,9,2011
493,"08/06/11",201,"H","phdpil","phdpil","phdpil",4,"08/06/11",1,1,9,2011
494,"08/06/11",229,"H","phdpil","phdpil","phdpil",4,"08/06/11",1,1,9,2011
495,"08/06/11",325,"H","phdpil","phdpil","phdpil",4,"08/06/11",1,3,9,2011
496,"08/06/11",110,"C","prtpar","prtpar","prtpar",4,"08/06/11",1,4,9,2011
497,"08/06/11",325,"C","prtpar","prtpar","prtpar",4,"08/06/11",1,3,9,2011
498,"08/06/11",233,"H","prtpar","prtpar","prtpar",4,"08/06/11",1,5,9,2011
499,"08/06/11",325,"H","prtpar","prtpar","prtpar",4,"08/06/11",1,4,9,2011
500,"08/06/11",108,"C","frmmon","frmmon","frmmon",16,"08/06/11",1,19,9,2011
501,"08/06/11",220,"C","frmmon","frmmon","frmmon",16,"08/06/11",1,3,9,2011
502,"08/06/11",108,"H","frmmon","frmmon","frmmon",16,"08/06/11",1,45,9,2011
503,"08/06/11",220,"H","frmmon","frmmon","frmmon",16,"08/06/11",1,132,9,2011
504,"08/06/11",273,"C","frmlas","frmneo","frmneo",16,"08/06/11",1,10,9,2011
505,"08/06/11",299,"C","frmlas","frmneo","frmneo",16,"08/06/11",1,9,9,2011
506,"08/06/11",273,"H","frmlas","frmneo","frmneo",16,"08/06/11",1,1,9,2011
507,"08/06/11",299,"H","frmlas","frmneo","frmneo",16,"08/06/11",1,1,9,2011
508,"08/06/11",82,"C","frmvin","frmneo","frmneo",16,"08/06/11",1,1,9,2011
509,"08/06/11",220,"C","frmvin","frmneo","frmneo",16,"08/06/11",1,1,9,2011
510,"08/06/11",82,"C","frmnit","frmnit","frmnit",16,"08/06/11",1,1,9,2011
511,"08/06/11",82,"H","frmnit","frmnit","frmnit",16,"08/06/11",1,2,9,2011
512,"08/06/11",299,"C","frmsub","frmsub","frmsub",16,"08/06/11",1,1,9,2011
513,"08/06/11",273,"H","frmsub","frmsub","frmsub",16,"08/06/11",1,6,9,2011
514,"08/06/11",82,"C","lssneo","lssneo","lssneo",16,"08/06/11",1,63,9,2011
515,"08/06/11",108,"C","lssneo","lssneo","lssneo",16,"08/06/11",1,161,9,2011
516,"08/06/11",220,"C","lssneo","lssneo","lssneo",16,"08/06/11",1,14,9,2011
517,"08/06/11",273,"C","lssneo","lssneo","lssneo",16,"08/06/11",1,31,9,2011
518,"08/06/11",299,"C","lssneo","lssneo","lssneo",16,"08/06/11",1,48,9,2011
519,"08/06/11",82,"H","lssneo","lssneo","lssneo",16,"08/06/11",1,43,9,2011
520,"08/06/11",108,"H","lssneo","lssneo","lssneo",16,"08/06/11",1,21,9,2011
521,"08/06/11",220,"H","lssneo","lssneo","lssneo",16,"08/06/11",1,11,9,2011
522,"08/06/11",273,"H","lssneo","lssneo","lssneo",16,"08/06/11",1,22,9,2011
523,"08/06/11",299,"H","lssneo","lssneo","lssneo",16,"08/06/11",1,94,9,2011
524,"08/06/11",220,"C","mnmema","mnmema","mnmema",16,"08/06/11",1,97,9,2011
525,"08/06/11",82,"C","myrame","myrame","myrame",16,"08/06/11",1,15,9,2011
526,"08/06/11",220,"C","myrame","myrame","myrame",16,"08/06/11",1,19,9,2011
527,"08/06/11",273,"C","myrame","myrame","myrame",16,"08/06/11",1,12,9,2011
528,"08/06/11",299,"C","myrame","myrame","myrame",16,"08/06/11",1,60,9,2011
529,"08/06/11",82,"H","myrame","myrame","myrame",16,"08/06/11",1,48,9,2011
530,"08/06/11",273,"H","myrame","myrame","myrame",16,"08/06/11",1,2,9,2011
531,"08/06/11",299,"H","myrame","myrame","myrame",16,"08/06/11",1,300,9,2011
532,"08/06/11",82,"C","phdpil","phdpil","phdpil",16,"08/06/11",1,1,9,2011
533,"08/06/11",299,"C","phdpil","phdpil","phdpil",16,"08/06/11",1,2,9,2011
534,"08/06/11",82,"H","phdpil","phdpil","phdpil",16,"08/06/11",1,3,9,2011
535,"08/06/11",299,"H","phdpil","phdpil","phdpil",16,"08/06/11",1,1,9,2011
536,"08/06/11",82,"C","prtpar","prtpar","prtpar",16,"08/06/11",1,9,9,2011
537,"08/06/11",273,"C","prtpar","prtpar","prtpar",16,"08/06/11",1,1,9,2011
538,"08/06/11",78,"H","frmvin","frmneo","frmneo",32,"08/06/11",1,2,9,2011
539,"08/06/11",78,"C","lssneo","lssneo","lssneo",32,"08/06/11",1,15,9,2011
540,"08/06/11",78,"H","lssneo","lssneo","lssneo",32,"08/06/11",1,122,9,2011
541,"08/06/11",78,"C","mnmema","mnmema","mnmema",32,"08/06/11",1,78,9,2011
542,"08/06/11",78,"C","myrame","myrame","myrame",32,"08/06/11",1,1,9,2011
543,"08/06/11",78,"H","myrame","myrame","myrame",32,"08/06/11",1,2,9,2011
544,"08/06/11",78,"C","phdpil","phdpil","phdpil",32,"08/06/11",1,2,9,2011
545,"08/06/11",78,"H","phdpil","phdpil","phdpil",32,"08/06/11",1,1,9,2011
546,"08/06/11",78,"H","prtpar","prtpar","prtpar",32,"08/06/11",1,5,9,2011
547,"09/11/11",290,"H","frmmon","frmmon","frmmon",1,"09/11/11",1,7,9,2011
548,"09/11/11",29,"C","frmneo","frmneo","frmneo",1,"09/11/11",1,4,9,2011
549,"09/11/11",29,"H","frmvin","frmneo","frmneo",1,"09/11/11",1,1,9,2011
550,"09/11/11",137,"H","frmnit","frmnit","frmnit",1,"09/11/11",1,3,9,2011
551,"09/11/11",167,"C","lssneo","lssneo","lssneo",1,"09/11/11",1,3,9,2011
552,"09/11/11",237,"C","lssneo","lssneo","lssneo",1,"09/11/11",1,2,9,2011
553,"09/11/11",280,"C","lssneo","lssneo","lssneo",1,"09/11/11",1,4,9,2011
554,"09/11/11",338,"C","lssneo","lssneo","lssneo",1,"09/11/11",1,2,9,2011
555,"09/11/11",29,"H","lssneo","lssneo","lssneo",1,"09/11/11",1,1,9,2011
556,"09/11/11",167,"H","lssneo","lssneo","lssneo",1,"09/11/11",1,3,9,2011
557,"09/11/11",237,"H","lssneo","lssneo","lssneo",1,"09/11/11",1,1,9,2011
558,"09/11/11",290,"H","lssneo","lssneo","lssneo",1,"09/11/11",1,58,9,2011
559,"09/11/11",338,"H","lssneo","lssneo","lssneo",1,"09/11/11",1,1,9,2011
560,"09/11/11",167,"C","mnmema","mnmema","mnmema",1,"09/11/11",1,30,9,2011
561,"09/11/11",237,"C","mnmema","mnmema","mnmema",1,"09/11/11",1,1,9,2011
562,"09/11/11",280,"C","mnmema","mnmema","mnmema",1,"09/11/11",1,5,9,2011
563,"09/11/11",290,"C","mnmema","mnmema","mnmema",1,"09/11/11",1,5,9,2011
564,"09/11/11",338,"C","mnmema","mnmema","mnmema",1,"09/11/11",1,6,9,2011
565,"09/11/11",237,"H","mnmema","mnmema","mnmema",1,"09/11/11",1,1,9,2011
566,"09/11/11",280,"H","mnmema","mnmema","mnmema",1,"09/11/11",1,1,9,2011
567,"09/11/11",137,"H","myrame","myrame","myrame",1,"09/11/11",1,1,9,2011
568,"09/11/11",29,"C","phdpil","phdpil","phdpil",1,"09/11/11",1,6,9,2011
569,"09/11/11",167,"C","phdpil","phdpil","phdpil",1,"09/11/11",1,12,9,2011
570,"09/11/11",237,"C","phdpil","phdpil","phdpil",1,"09/11/11",1,6,9,2011
571,"09/11/11",280,"C","phdpil","phdpil","phdpil",1,"09/11/11",1,2,9,2011
572,"09/11/11",290,"C","phdpil","phdpil","phdpil",1,"09/11/11",1,4,9,2011
573,"09/11/11",137,"H","phdpil","phdpil","phdpil",1,"09/11/11",1,1,9,2011
574,"09/11/11",237,"H","phdpil","phdpil","phdpil",1,"09/11/11",1,12,9,2011
575,"09/11/11",338,"H","phdpil","phdpil","phdpil",1,"09/11/11",1,5,9,2011
576,"09/11/11",201,"C","frmmon","frmmon","frmmon",4,"09/11/11",1,3,9,2011
577,"09/11/11",110,"H","frmmon","frmmon","frmmon",4,"09/11/11",1,1,9,2011
578,"09/11/11",201,"H","frmmon","frmmon","frmmon",4,"09/11/11",1,4,9,2011
579,"09/11/11",229,"C","frmneo","frmneo","frmneo",4,"09/11/11",1,2,9,2011
580,"09/11/11",325,"C","frmneo","frmneo","frmneo",4,"09/11/11",1,3,9,2011
581,"09/11/11",229,"H","frmneo","frmneo","frmneo",4,"09/11/11",1,2,9,2011
582,"09/11/11",325,"H","frmneo","frmneo","frmneo",4,"09/11/11",1,8,9,2011
583,"09/11/11",325,"H","frmobs","frmobs","frmobs",4,"09/11/11",1,1,9,2011
584,"09/11/11",110,"C","lssneo","lssneo","lssneo",4,"09/11/11",1,38,9,2011
585,"09/11/11",201,"C","lssneo","lssneo","lssneo",4,"09/11/11",1,17,9,2011
586,"09/11/11",223,"C","lssneo","lssneo","lssneo",4,"09/11/11",1,1,9,2011
587,"09/11/11",229,"C","lssneo","lssneo","lssneo",4,"09/11/11",1,17,9,2011
588,"09/11/11",233,"C","lssneo","lssneo","lssneo",4,"09/11/11",1,8,9,2011
589,"09/11/11",325,"C","lssneo","lssneo","lssneo",4,"09/11/11",1,11,9,2011
590,"09/11/11",176,"H","lssneo","lssneo","lssneo",4,"09/11/11",1,1,9,2011
591,"09/11/11",201,"H","lssneo","lssneo","lssneo",4,"09/11/11",1,13,9,2011
592,"09/11/11",223,"H","lssneo","lssneo","lssneo",4,"09/11/11",1,1,9,2011
593,"09/11/11",229,"H","lssneo","lssneo","lssneo",4,"09/11/11",1,9,9,2011
594,"09/11/11",233,"H","lssneo","lssneo","lssneo",4,"09/11/11",1,5,9,2011
595,"09/11/11",286,"H","lssneo","lssneo","lssneo",4,"09/11/11",1,1,9,2011
596,"09/11/11",325,"H","lssneo","lssneo","lssneo",4,"09/11/11",1,2,9,2011
597,"09/11/11",201,"C","mnmema","mnmema","mnmema",4,"09/11/11",1,2,9,2011
598,"09/11/11",229,"C","mnmema","mnmema","mnmema",4,"09/11/11",1,1,9,2011
599,"09/11/11",286,"C","mnmema","mnmema","mnmema",4,"09/11/11",1,5,9,2011
600,"09/11/11",176,"H","mnmema","mnmema","mnmema",4,"09/11/11",1,2,9,2011
601,"09/11/11",325,"H","mnmema","mnmema","mnmema",4,"09/11/11",1,2,9,2011
602,"09/11/11",110,"C","myrame","myrame","myrame",4,"09/11/11",1,4,9,2011
603,"09/11/11",223,"C","myrame","myrame","myrame",4,"09/11/11",1,2,9,2011
604,"09/11/11",325,"C","myrame","myrame","myrame",4,"09/11/11",1,5,9,2011
605,"09/11/11",110,"H","myrame","myrame","myrame",4,"09/11/11",1,3,9,2011
606,"09/11/11",201,"H","myrame","myrame","myrame",4,"09/11/11",1,5,9,2011
607,"09/11/11",233,"H","myrame","myrame","myrame",4,"09/11/11",1,1,9,2011
608,"09/11/11",286,"H","myrame","myrame","myrame",4,"09/11/11",1,1,9,2011
609,"09/11/11",325,"H","myrame","myrame","myrame",4,"09/11/11",1,9,9,2011
610,"09/11/11",110,"C","phdpil","phdpil","phdpil",4,"09/11/11",1,1,9,2011
611,"09/11/11",223,"C","phdpil","phdpil","phdpil",4,"09/11/11",1,1,9,2011
612,"09/11/11",233,"C","phdpil","phdpil","phdpil",4,"09/11/11",1,1,9,2011
613,"09/11/11",286,"H","phdpil","phdpil","phdpil",4,"09/11/11",1,8,9,2011
614,"09/11/11",233,"H","prtpar","prtpar","prtpar",4,"09/11/11",1,1,9,2011
615,"09/11/11",325,"H","prtpar","prtpar","prtpar",4,"09/11/11",1,1,9,2011
616,"09/11/11",108,"C","frmmon","frmmon","frmmon",16,"09/11/11",1,45,9,2011
617,"09/11/11",220,"C","frmmon","frmmon","frmmon",16,"09/11/11",1,13,9,2011
618,"09/11/11",108,"H","frmmon","frmmon","frmmon",16,"09/11/11",1,44,9,2011
619,"09/11/11",220,"H","frmmon","frmmon","frmmon",16,"09/11/11",1,50,9,2011
620,"09/11/11",299,"C","frmneo","frmneo","frmneo",16,"09/11/11",1,6,9,2011
621,"09/11/11",273,"H","frmneo","frmneo","frmneo",16,"09/11/11",1,1,9,2011
622,"09/11/11",299,"H","frmneo","frmneo","frmneo",16,"09/11/11",1,6,9,2011
623,"09/11/11",82,"C","frmnit","frmnit","frmnit",16,"09/11/11",1,1,9,2011
624,"09/11/11",82,"H","frmnit","frmnit","frmnit",16,"09/11/11",1,2,9,2011
625,"09/11/11",273,"H","frmsub","frmsub","frmsub",16,"09/11/11",1,3,9,2011
626,"09/11/11",82,"C","lssneo","lssneo","lssneo",16,"09/11/11",1,57,9,2011
627,"09/11/11",108,"C","lssneo","lssneo","lssneo",16,"09/11/11",1,15,9,2011
628,"09/11/11",220,"C","lssneo","lssneo","lssneo",16,"09/11/11",1,1,9,2011
629,"09/11/11",273,"C","lssneo","lssneo","lssneo",16,"09/11/11",1,1,9,2011
630,"09/11/11",299,"C","lssneo","lssneo","lssneo",16,"09/11/11",1,16,9,2011
631,"09/11/11",82,"H","lssneo","lssneo","lssneo",16,"09/11/11",1,15,9,2011
632,"09/11/11",220,"H","lssneo","lssneo","lssneo",16,"09/11/11",1,1,9,2011
633,"09/11/11",273,"H","lssneo","lssneo","lssneo",16,"09/11/11",1,9,9,2011
634,"09/11/11",299,"H","lssneo","lssneo","lssneo",16,"09/11/11",1,27,9,2011
635,"09/11/11",220,"C","mnmema","mnmema","mnmema",16,"09/11/11",1,16,9,2011
636,"09/11/11",108,"H","mnmema","mnmema","mnmema",16,"09/11/11",1,4,9,2011
637,"09/11/11",220,"C","myrame","myrame","myrame",16,"09/11/11",1,4,9,2011
638,"09/11/11",273,"C","myrame","myrame","myrame",16,"09/11/11",1,5,9,2011
639,"09/11/11",299,"C","myrame","myrame","myrame",16,"09/11/11",1,10,9,2011
640,"09/11/11",82,"H","myrame","myrame","myrame",16,"09/11/11",1,15,9,2011
641,"09/11/11",299,"H","myrame","myrame","myrame",16,"09/11/11",1,41,9,2011
642,"09/11/11",82,"C","phdpil","phdpil","phdpil",16,"09/11/11",1,1,9,2011
643,"09/11/11",299,"H","phdpil","phdpil","phdpil",16,"09/11/11",1,3,9,2011
644,"09/11/11",108,"C","pnrpen","pnrpen","pnrpen",16,"09/11/11",1,1,9,2011
645,"09/11/11",273,"C","prtpar","prtpar","prtpar",16,"09/11/11",1,1,9,2011
646,"09/11/11",78,"H","frmvin","frmneo","frmneo",32,"09/11/11",1,4,9,2011
647,"09/11/11",78,"C","lssneo","lssneo","lssneo",32,"09/11/11",1,3,9,2011
648,"09/11/11",78,"H","lssneo","lssneo","lssneo",32,"09/11/11",1,3,9,2011
649,"09/11/11",78,"C","mnmema","mnmema","mnmema",32,"09/11/11",1,524,9,2011
650,"8/19/2012",137,"H","frmmon","frmmon","frmmon",1,"8/19/2012",1,7,9,2012
651,"8/19/2012",137,"H","frmneo","frmneo","frmneo",1,"8/19/2012",1,4,9,2012
652,"8/19/2012",137,"C","frmvin","frmneo","frmneo",1,"8/19/2012",1,1,9,2012
653,"8/19/2012",237,"C","frmvin","frmneo","frmneo",1,"8/19/2012",1,1,9,2012
654,"8/19/2012",29,"H","frmvin","frmneo","frmneo",1,"8/19/2012",1,1,9,2012
655,"8/19/2012",338,"H","frmobs","frmobs","frmobs",1,"8/19/2012",1,1,9,2012
656,"8/19/2012",29,"C","lssneo","lssneo","lssneo",1,"8/19/2012",1,4,9,2012
657,"8/19/2012",137,"C","lssneo","lssneo","lssneo",1,"8/19/2012",1,2,9,2012
658,"8/19/2012",167,"C","lssneo","lssneo","lssneo",1,"8/19/2012",1,1,9,2012
659,"8/19/2012",237,"C","lssneo","lssneo","lssneo",1,"8/19/2012",1,10,9,2012
660,"8/19/2012",280,"C","lssneo","lssneo","lssneo",1,"8/19/2012",1,1,9,2012
661,"8/19/2012",290,"C","lssneo","lssneo","lssneo",1,"8/19/2012",1,4,9,2012
662,"8/19/2012",29,"H","lssneo","lssneo","lssneo",1,"8/19/2012",1,2,9,2012
663,"8/19/2012",137,"H","lssneo","lssneo","lssneo",1,"8/19/2012",1,2,9,2012
664,"8/19/2012",167,"H","lssneo","lssneo","lssneo",1,"8/19/2012",1,3,9,2012
665,"8/19/2012",237,"H","lssneo","lssneo","lssneo",1,"8/19/2012",1,6,9,2012
666,"8/19/2012",29,"C","mnmema","mnmema","mnmema",1,"8/19/2012",1,2,9,2012
667,"8/19/2012",280,"C","mnmema","mnmema","mnmema",1,"8/19/2012",1,204,9,2012
668,"8/19/2012",290,"C","mnmema","mnmema","mnmema",1,"8/19/2012",1,1,9,2012
669,"8/19/2012",237,"H","mnmema","mnmema","mnmema",1,"8/19/2012",1,12,9,2012
670,"8/19/2012",29,"C","myrame","myrame","myrame",1,"8/19/2012",1,2,9,2012
671,"8/19/2012",137,"C","myrame","myrame","myrame",1,"8/19/2012",1,1,9,2012
672,"8/19/2012",29,"H","myrame","myrame","myrame",1,"8/19/2012",1,2,9,2012
673,"8/19/2012",137,"H","myrame","myrame","myrame",1,"8/19/2012",1,1,9,2012
674,"8/19/2012",280,"H","myrame","myrame","myrame",1,"8/19/2012",1,1,9,2012
675,"8/19/2012",29,"C","phdpil","phdpil","phdpil",1,"8/19/2012",1,14,9,2012
676,"8/19/2012",137,"C","phdpil","phdpil","phdpil",1,"8/19/2012",1,3,9,2012
677,"8/19/2012",167,"C","phdpil","phdpil","phdpil",1,"8/19/2012",1,6,9,2012
678,"8/19/2012",237,"C","phdpil","phdpil","phdpil",1,"8/19/2012",1,6,9,2012
679,"8/19/2012",290,"C","phdpil","phdpil","phdpil",1,"8/19/2012",1,1,9,2012
680,"8/19/2012",29,"H","phdpil","phdpil","phdpil",1,"8/19/2012",1,1,9,2012
681,"8/19/2012",137,"H","phdpil","phdpil","phdpil",1,"8/19/2012",1,3,9,2012
682,"8/19/2012",237,"H","phdpil","phdpil","phdpil",1,"8/19/2012",1,1,9,2012
683,"8/19/2012",223,"H","frmmon","frmmon","frmmon",4,"8/19/2012",1,77,9,2012
684,"8/19/2012",201,"C","frmvin","frmneo","frmneo",4,"8/19/2012",1,9,9,2012
685,"8/19/2012",223,"C","frmvin","frmneo","frmneo",4,"8/19/2012",1,2,9,2012
686,"8/19/2012",233,"C","frmvin","frmneo","frmneo",4,"8/19/2012",1,2,9,2012
687,"8/19/2012",201,"H","frmvin","frmneo","frmneo",4,"8/19/2012",1,19,9,2012
688,"8/19/2012",229,"H","frmvin","frmneo","frmneo",4,"8/19/2012",1,3,9,2012
689,"8/19/2012",325,"H","frmvin","frmneo","frmneo",4,"8/19/2012",1,11,9,2012
690,"8/19/2012",201,"C","frmnit","frmnit","frmnit",4,"8/19/2012",1,1,9,2012
691,"8/19/2012",176,"C","frmobs","frmobs","frmobs",4,"8/19/2012",1,1,9,2012
692,"8/19/2012",286,"H","frmobs","frmobs","frmobs",4,"8/19/2012",1,25,9,2012
693,"8/19/2012",110,"C","lssneo","lssneo","lssneo",4,"8/19/2012",1,1,9,2012
694,"8/19/2012",176,"C","lssneo","lssneo","lssneo",4,"8/19/2012",1,28,9,2012
695,"8/19/2012",201,"C","lssneo","lssneo","lssneo",4,"8/19/2012",1,48,9,2012
696,"8/19/2012",223,"C","lssneo","lssneo","lssneo",4,"8/19/2012",1,29,9,2012
697,"8/19/2012",233,"C","lssneo","lssneo","lssneo",4,"8/19/2012",1,24,9,2012
698,"8/19/2012",325,"C","lssneo","lssneo","lssneo",4,"8/19/2012",1,7,9,2012
699,"8/19/2012",110,"H","lssneo","lssneo","lssneo",4,"8/19/2012",1,1,9,2012
700,"8/19/2012",201,"H","lssneo","lssneo","lssneo",4,"8/19/2012",1,10,9,2012
701,"8/19/2012",223,"H","lssneo","lssneo","lssneo",4,"8/19/2012",1,8,9,2012
702,"8/19/2012",229,"H","lssneo","lssneo","lssneo",4,"8/19/2012",1,10,9,2012
703,"8/19/2012",233,"H","lssneo","lssneo","lssneo",4,"8/19/2012",1,22,9,2012
704,"8/19/2012",325,"H","lssneo","lssneo","lssneo",4,"8/19/2012",1,1,9,2012
705,"8/19/2012",201,"C","mnmema","mnmema","mnmema",4,"8/19/2012",1,23,9,2012
706,"8/19/2012",223,"C","mnmema","mnmema","mnmema",4,"8/19/2012",1,1,9,2012
707,"8/19/2012",229,"C","mnmema","mnmema","mnmema",4,"8/19/2012",1,1,9,2012
708,"8/19/2012",233,"C","mnmema","mnmema","mnmema",4,"8/19/2012",1,1,9,2012
709,"8/19/2012",286,"C","mnmema","mnmema","mnmema",4,"8/19/2012",1,12,9,2012
710,"8/19/2012",325,"C","mnmema","mnmema","mnmema",4,"8/19/2012",1,2,9,2012
711,"8/19/2012",110,"H","mnmema","mnmema","mnmema",4,"8/19/2012",1,1,9,2012
712,"8/19/2012",176,"H","mnmema","mnmema","mnmema",4,"8/19/2012",1,7,9,2012
713,"8/19/2012",201,"H","mnmema","mnmema","mnmema",4,"8/19/2012",1,1,9,2012
714,"8/19/2012",325,"H","mnmema","mnmema","mnmema",4,"8/19/2012",1,5,9,2012
715,"8/19/2012",110,"C","myrame","myrame","myrame",4,"8/19/2012",1,2,9,2012
716,"8/19/2012",201,"C","myrame","myrame","myrame",4,"8/19/2012",1,26,9,2012
717,"8/19/2012",223,"C","myrame","myrame","myrame",4,"8/19/2012",1,4,9,2012
718,"8/19/2012",233,"C","myrame","myrame","myrame",4,"8/19/2012",1,3,9,2012
719,"8/19/2012",325,"C","myrame","myrame","myrame",4,"8/19/2012",1,19,9,2012
720,"8/19/2012",110,"H","myrame","myrame","myrame",4,"8/19/2012",1,1,9,2012
721,"8/19/2012",201,"H","myrame","myrame","myrame",4,"8/19/2012",1,2,9,2012
722,"8/19/2012",325,"H","myrame","myrame","myrame",4,"8/19/2012",1,9,9,2012
723,"8/19/2012",229,"C","phdpil","phdpil","phdpil",4,"8/19/2012",1,1,9,2012
724,"8/19/2012",110,"C","prtpar","prtpar","prtpar",4,"8/19/2012",1,2,9,2012
725,"8/19/2012",220,"H","frmmon","frmmon","frmmon",16,"8/19/2012",1,103,9,2012
726,"8/19/2012",108,"C","frmvin","frmneo","frmneo",16,"8/19/2012",1,134,9,2012
727,"8/19/2012",220,"C","frmvin","frmneo","frmneo",16,"8/19/2012",1,41,9,2012
728,"8/19/2012",273,"C","frmvin","frmneo","frmneo",16,"8/19/2012",1,11,9,2012
729,"8/19/2012",299,"C","frmvin","frmneo","frmneo",16,"8/19/2012",1,4,9,2012
730,"8/19/2012",82,"H","frmvin","frmneo","frmneo",16,"8/19/2012",1,4,9,2012
731,"8/19/2012",273,"H","frmvin","frmneo","frmneo",16,"8/19/2012",1,1,9,2012
732,"8/19/2012",82,"C","frmnit","frmnit","frmnit",16,"8/19/2012",1,1,9,2012
733,"8/19/2012",273,"H","frmsub","frmsub","frmsub",16,"8/19/2012",1,36,9,2012
734,"8/19/2012",82,"C","lssneo","lssneo","lssneo",16,"8/19/2012",1,44,9,2012
735,"8/19/2012",108,"C","lssneo","lssneo","lssneo",16,"8/19/2012",1,1,9,2012
736,"8/19/2012",220,"C","lssneo","lssneo","lssneo",16,"8/19/2012",1,8,9,2012
737,"8/19/2012",273,"C","lssneo","lssneo","lssneo",16,"8/19/2012",1,6,9,2012
738,"8/19/2012",299,"C","lssneo","lssneo","lssneo",16,"8/19/2012",1,9,9,2012
739,"8/19/2012",82,"H","lssneo","lssneo","lssneo",16,"8/19/2012",1,18,9,2012
740,"8/19/2012",220,"H","lssneo","lssneo","lssneo",16,"8/19/2012",1,17,9,2012
741,"8/19/2012",273,"H","lssneo","lssneo","lssneo",16,"8/19/2012",1,6,9,2012
742,"8/19/2012",299,"H","lssneo","lssneo","lssneo",16,"8/19/2012",1,16,9,2012
743,"8/19/2012",220,"C","mnmema","mnmema","mnmema",16,"8/19/2012",1,1,9,2012
744,"8/19/2012",273,"C","mnmema","mnmema","mnmema",16,"8/19/2012",1,4,9,2012
745,"8/19/2012",82,"H","mnmema","mnmema","mnmema",16,"8/19/2012",1,1,9,2012
746,"8/19/2012",82,"C","myrame","myrame","myrame",16,"8/19/2012",1,3,9,2012
747,"8/19/2012",273,"C","myrame","myrame","myrame",16,"8/19/2012",1,5,9,2012
748,"8/19/2012",299,"C","myrame","myrame","myrame",16,"8/19/2012",1,73,9,2012
749,"8/19/2012",82,"H","myrame","myrame","myrame",16,"8/19/2012",1,125,9,2012
750,"8/19/2012",299,"H","myrame","myrame","myrame",16,"8/19/2012",1,215,9,2012
751,"8/19/2012",82,"H","phdpil","phdpil","phdpil",16,"8/19/2012",1,18,9,2012
752,"8/19/2012",273,"H","phdpil","phdpil","phdpil",16,"8/19/2012",1,3,9,2012
753,"8/19/2012",299,"H","prtpar","prtpar","prtpar",16,"8/19/2012",1,5,9,2012
754,"8/19/2012",78,"H","frmvin","frmneo","frmneo",32,"8/19/2012",1,4,9,2012
755,"8/19/2012",78,"H","lssneo","lssneo","lssneo",32,"8/19/2012",1,21,9,2012
756,"8/19/2012",78,"C","mnmema","mnmema","mnmema",32,"8/19/2012",1,53,9,2012
757,"8/19/2012",78,"H","myrame","myrame","myrame",32,"8/19/2012",1,1,9,2012
758,"9/23/2012",237,"C","frmvin","frmneo","frmneo",1,"9/23/2012",1,2,9,2012
759,"9/23/2012",29,"H","frmvin","frmneo","frmneo",1,"9/23/2012",1,3,9,2012
760,"9/23/2012",137,"C","frmnit","frmnit","frmnit",1,"9/23/2012",1,1,9,2012
761,"9/23/2012",137,"H","frmnit","frmnit","frmnit",1,"9/23/2012",1,3,9,2012
762,"9/23/2012",29,"C","lssneo","lssneo","lssneo",1,"9/23/2012",1,2,9,2012
763,"9/23/2012",137,"C","lssneo","lssneo","lssneo",1,"9/23/2012",1,2,9,2012
764,"9/23/2012",167,"C","lssneo","lssneo","lssneo",1,"9/23/2012",1,2,9,2012
765,"9/23/2012",237,"C","lssneo","lssneo","lssneo",1,"9/23/2012",1,12,9,2012
766,"9/23/2012",29,"H","lssneo","lssneo","lssneo",1,"9/23/2012",1,4,9,2012
767,"9/23/2012",137,"H","lssneo","lssneo","lssneo",1,"9/23/2012",1,2,9,2012
768,"9/23/2012",167,"H","lssneo","lssneo","lssneo",1,"9/23/2012",1,1,9,2012
769,"9/23/2012",237,"H","lssneo","lssneo","lssneo",1,"9/23/2012",1,3,9,2012
770,"9/23/2012",290,"H","lssneo","lssneo","lssneo",1,"9/23/2012",1,2,9,2012
771,"9/23/2012",338,"H","lssneo","lssneo","lssneo",1,"9/23/2012",1,2,9,2012
772,"9/23/2012",29,"C","mnmema","mnmema","mnmema",1,"9/23/2012",1,1,9,2012
773,"9/23/2012",338,"C","mnmema","mnmema","mnmema",1,"9/23/2012",1,2,9,2012
774,"9/23/2012",237,"H","mnmema","mnmema","mnmema",1,"9/23/2012",1,2,9,2012
775,"9/23/2012",137,"C","myrame","myrame","myrame",1,"9/23/2012",1,1,9,2012
776,"9/23/2012",167,"C","myrame","myrame","myrame",1,"9/23/2012",1,1,9,2012
777,"9/23/2012",237,"C","myrame","myrame","myrame",1,"9/23/2012",1,1,9,2012
778,"9/23/2012",29,"H","myrame","myrame","myrame",1,"9/23/2012",1,103,9,2012
779,"9/23/2012",137,"H","myrame","myrame","myrame",1,"9/23/2012",1,6,9,2012
780,"9/23/2012",29,"C","phdpil","phdpil","phdpil",1,"9/23/2012",1,2,9,2012
781,"9/23/2012",167,"C","phdpil","phdpil","phdpil",1,"9/23/2012",1,1,9,2012
782,"9/23/2012",237,"C","phdpil","phdpil","phdpil",1,"9/23/2012",1,41,9,2012
783,"9/23/2012",280,"C","phdpil","phdpil","phdpil",1,"9/23/2012",1,12,9,2012
784,"9/23/2012",290,"C","phdpil","phdpil","phdpil",1,"9/23/2012",1,3,9,2012
785,"9/23/2012",29,"H","phdpil","phdpil","phdpil",1,"9/23/2012",1,1,9,2012
786,"9/23/2012",137,"H","phdpil","phdpil","phdpil",1,"9/23/2012",1,1,9,2012
787,"9/23/2012",237,"H","phdpil","phdpil","phdpil",1,"9/23/2012",1,2,9,2012
788,"9/23/2012",290,"H","phdpil","phdpil","phdpil",1,"9/23/2012",1,12,9,2012
789,"9/23/2012",29,"H","prtpar","prtpar","prtpar",1,"9/23/2012",1,3,9,2012
790,"9/23/2012",201,"H","frmmon","frmmon","frmmon",4,"9/23/2012",1,4,9,2012
791,"9/23/2012",110,"C","frmlas","frmneo","frmneo",4,"9/23/2012",1,1,9,2012
792,"9/23/2012",201,"C","frmlas","frmneo","frmneo",4,"9/23/2012",1,1,9,2012
793,"9/23/2012",229,"H","frmlas","frmneo","frmneo",4,"9/23/2012",1,1,9,2012
794,"9/23/2012",325,"H","frmlas","frmneo","frmneo",4,"9/23/2012",1,1,9,2012
795,"9/23/2012",201,"C","frmvin","frmneo","frmneo",4,"9/23/2012",1,2,9,2012
796,"9/23/2012",229,"H","frmvin","frmneo","frmneo",4,"9/23/2012",1,1,9,2012
797,"9/23/2012",325,"H","frmvin","frmneo","frmneo",4,"9/23/2012",1,1,9,2012
798,"9/23/2012",286,"C","frmnit","frmnit","frmnit",4,"9/23/2012",1,1,9,2012
799,"9/23/2012",286,"H","frmnit","frmnit","frmnit",4,"9/23/2012",1,1,9,2012
800,"9/23/2012",176,"C","lssneo","lssneo","lssneo",4,"9/23/2012",1,1,9,2012
801,"9/23/2012",223,"C","lssneo","lssneo","lssneo",4,"9/23/2012",1,2,9,2012
802,"9/23/2012",229,"C","lssneo","lssneo","lssneo",4,"9/23/2012",1,10,9,2012
803,"9/23/2012",233,"C","lssneo","lssneo","lssneo",4,"9/23/2012",1,4,9,2012
804,"9/23/2012",286,"C","lssneo","lssneo","lssneo",4,"9/23/2012",1,1,9,2012
805,"9/23/2012",325,"C","lssneo","lssneo","lssneo",4,"9/23/2012",1,2,9,2012
806,"9/23/2012",110,"H","lssneo","lssneo","lssneo",4,"9/23/2012",1,1,9,2012
807,"9/23/2012",201,"H","lssneo","lssneo","lssneo",4,"9/23/2012",1,7,9,2012
808,"9/23/2012",223,"H","lssneo","lssneo","lssneo",4,"9/23/2012",1,1,9,2012
809,"9/23/2012",229,"H","lssneo","lssneo","lssneo",4,"9/23/2012",1,1,9,2012
810,"9/23/2012",233,"H","lssneo","lssneo","lssneo",4,"9/23/2012",1,1,9,2012
811,"9/23/2012",325,"H","lssneo","lssneo","lssneo",4,"9/23/2012",1,1,9,2012
812,"9/23/2012",229,"C","mnmema","mnmema","mnmema",4,"9/23/2012",1,1,9,2012
813,"9/23/2012",286,"C","mnmema","mnmema","mnmema",4,"9/23/2012",1,3,9,2012
814,"9/23/2012",325,"C","mnmema","mnmema","mnmema",4,"9/23/2012",1,4,9,2012
815,"9/23/2012",233,"H","mnmema","mnmema","mnmema",4,"9/23/2012",1,1,9,2012
816,"9/23/2012",201,"C","myrame","myrame","myrame",4,"9/23/2012",1,6,9,2012
817,"9/23/2012",229,"C","myrame","myrame","myrame",4,"9/23/2012",1,2,9,2012
818,"9/23/2012",233,"C","myrame","myrame","myrame",4,"9/23/2012",1,1,9,2012
819,"9/23/2012",286,"C","myrame","myrame","myrame",4,"9/23/2012",1,2,9,2012
820,"9/23/2012",325,"C","myrame","myrame","myrame",4,"9/23/2012",1,13,9,2012
821,"9/23/2012",110,"H","myrame","myrame","myrame",4,"9/23/2012",1,2,9,2012
822,"9/23/2012",201,"H","myrame","myrame","myrame",4,"9/23/2012",1,2,9,2012
823,"9/23/2012",229,"H","myrame","myrame","myrame",4,"9/23/2012",1,3,9,2012
824,"9/23/2012",233,"H","myrame","myrame","myrame",4,"9/23/2012",1,1,9,2012
825,"9/23/2012",325,"H","myrame","myrame","myrame",4,"9/23/2012",1,4,9,2012
826,"9/23/2012",233,"C","phdpil","phdpil","phdpil",4,"9/23/2012",1,7,9,2012
827,"9/23/2012",325,"C","phdpil","phdpil","phdpil",4,"9/23/2012",1,6,9,2012
828,"9/23/2012",229,"H","phdpil","phdpil","phdpil",4,"9/23/2012",1,1,9,2012
829,"9/23/2012",325,"H","phdpil","phdpil","phdpil",4,"9/23/2012",1,1,9,2012
830,"9/23/2012",108,"H","frmmon","frmmon","frmmon",16,"9/23/2012",1,196,9,2012
831,"9/23/2012",220,"H","frmmon","frmmon","frmmon",16,"9/23/2012",1,89,9,2012
832,"9/23/2012",273,"C","frmneo","frmneo","frmneo",16,"9/23/2012",1,2,9,2012
833,"9/23/2012",273,"H","frmneo","frmneo","frmneo",16,"9/23/2012",1,2,9,2012
834,"9/23/2012",220,"C","frmvin","frmneo","frmneo",16,"9/23/2012",1,16,9,2012
835,"9/23/2012",299,"C","frmvin","frmneo","frmneo",16,"9/23/2012",1,7,9,2012
836,"9/23/2012",220,"H","frmvin","frmneo","frmneo",16,"9/23/2012",1,32,9,2012
837,"9/23/2012",82,"C","frmnit","frmnit","frmnit",16,"9/23/2012",1,1,9,2012
838,"9/23/2012",82,"H","frmnit","frmnit","frmnit",16,"9/23/2012",1,2,9,2012
839,"9/23/2012",273,"H","frmsub","frmsub","frmsub",16,"9/23/2012",1,7,9,2012
840,"9/23/2012",82,"C","lssneo","lssneo","lssneo",16,"9/23/2012",1,4,9,2012
841,"9/23/2012",273,"C","lssneo","lssneo","lssneo",16,"9/23/2012",1,1,9,2012
842,"9/23/2012",299,"C","lssneo","lssneo","lssneo",16,"9/23/2012",1,3,9,2012
843,"9/23/2012",82,"H","lssneo","lssneo","lssneo",16,"9/23/2012",1,2,9,2012
844,"9/23/2012",220,"H","lssneo","lssneo","lssneo",16,"9/23/2012",1,2,9,2012
845,"9/23/2012",273,"H","lssneo","lssneo","lssneo",16,"9/23/2012",1,3,9,2012
846,"9/23/2012",299,"H","lssneo","lssneo","lssneo",16,"9/23/2012",1,2,9,2012
847,"9/23/2012",273,"C","myrame","myrame","myrame",16,"9/23/2012",1,6,9,2012
848,"9/23/2012",299,"C","myrame","myrame","myrame",16,"9/23/2012",1,33,9,2012
849,"9/23/2012",82,"H","myrame","myrame","myrame",16,"9/23/2012",1,64,9,2012
850,"9/23/2012",299,"H","myrame","myrame","myrame",16,"9/23/2012",1,154,9,2012
851,"9/23/2012",82,"H","phdpil","phdpil","phdpil",16,"9/23/2012",1,1,9,2012
